name,strunz,id,formula,elements,hyperlink,comments,shift
Black_nephrite,,35,,,,,
Actinolite_,9.DE.10,83,Ca2(Mg4.5-2.5Fe2+0.5-2.5)Si8O22(OH)2,Ca Mg Fe Si O H,[Mindat](http://www.mindat.org/search.php?name=Actinolite),,
Aegirine_association with fluorcarletonite f3,9.DA.25,14,NaFe3+Si2O6,Na Fe Si O,[Mindat](http://www.mindat.org/search.php?name=Aegirine),,
Aegirine_ChR-21-2 Mitichkin black grain,9.DA.25,202,NaFe3+Si2O6,Na Fe Si O,[Mindat](http://www.mindat.org/search.php?name=Aegirine),,
Aegirine_Ch21-2 in associatiopn tinaksite,9.DA.25,203,NaFe3+Si2O6,Na Fe Si O,[Mindat](http://www.mindat.org/search.php?name=Aegirine),,
Aegirine_in association with turkestanite Inagli,9.DA.25,208,NaFe3+Si2O6,Na Fe Si O,[Mindat](http://www.mindat.org/search.php?name=Aegirine),,
Aegirine_Khon-Bogdo Radomskay,9.DA.25,449,NaFe3+Si2O6,Na Fe Si O,[Mindat](http://www.mindat.org/search.php?name=Aegirine),,
Aegirine_in association with charoite and dalyeite,9.DA.25,456,NaFe3+Si2O6,Na Fe Si O,[Mindat](http://www.mindat.org/search.php?name=Aegirine),,
Aegirine_LV-23-1 Pankorovskyi,9.DA.25,498,NaFe3+Si2O6,Na Fe Si O,[Mindat](http://www.mindat.org/search.php?name=Aegirine),,
Aegirine_LV-23-1 grain 2 Panimkorovsky,9.DA.25,499,NaFe3+Si2O6,Na Fe Si O,[Mindat](http://www.mindat.org/search.php?name=Aegirine),,
Aegirine_green Inagli Radomskaya,9.DA.25,85,NaFe3+Si2O6,Na Fe Si O,[Mindat](http://www.mindat.org/search.php?name=Aegirine),,
Aegirine_Murun polished thin Radomskaya,9.DA.25,88,NaFe3+Si2O6,Na Fe Si O,[Mindat](http://www.mindat.org/search.php?name=Aegirine),,
Afghanite_Ladzhvarda,9.FB.05,2,"(Na,K)22Ca10(Si24Al24)O96(SO4)6Cl6",Na K Ca Si Al O S Cl,[Mindat](http://www.mindat.org/search.php?name=Afghanite),,
Afghanite_Tultuy row 4,9.FB.05,291,"(Na,K)22Ca10(Si24Al24)O96(SO4)6Cl6",Na K Ca Si Al O S Cl,[Mindat](http://www.mindat.org/search.php?name=Afghanite),,
Afghanite_Tultuy s7,9.FB.05,390,"(Na,K)22Ca10(Si24Al24)O96(SO4)6Cl6",Na K Ca Si Al O S Cl,[Mindat](http://www.mindat.org/search.php?name=Afghanite),,
"Afghanite,Sar-e-Sang_",,Sar-e-Sang,,,,,
Agrellite_Kaneva,9.DH.75,47,NaCa2Si4O10F,Na Ca Si O F,[Mindat](http://www.mindat.org/search.php?name=Agrellite),,
Akermanite_probably Mineral in Nyiragongo lava 2020 erption kermanite like,9.BB.10,139,Ca2MgSi2O7,Ca Mg Si O,[Mindat](http://www.mindat.org/search.php?name=Akermanite),,
Albite_in association with turkestnite Dara-i-Pioz grain 3,9.FA.35,214,Na(AlSi3O8),Na Al Si O,[Mindat](http://www.mindat.org/search.php?name=Albite),,
Almandine_okulb kholomolokh,9.AD.25,315,Fe2+3Al2(SiO4)3,Fe Al Si O,[Mindat](http://www.mindat.org/search.php?name=Almandine),,
Amphibole-X_Radomskaya Anagsolka green grass,,140,,,,,
Amphibole_from Tageran Levitskiy,,157,,,,,
Andalusite_,9.AF.10,319,Al2SiO5,Al Si O,[Mindat](http://www.mindat.org/search.php?name=Andalusite),,
Andalusite_Mitichkin pink,9.AF.10,419,Al2SiO5,Al Si O,[Mindat](http://www.mindat.org/search.php?name=Andalusite),,
Andalusite_Makrygina,9.AF.10,420,Al2SiO5,Al Si O,[Mindat](http://www.mindat.org/search.php?name=Andalusite),,
Andalusite_pink Mitichkin sample 2,9.AF.10,425,Al2SiO5,Al Si O,[Mindat](http://www.mindat.org/search.php?name=Andalusite),,
Andradite_melanite 2234,9.AD.25,316,Ca3Fe3+2(SiO4)3,Ca Fe Si O,[Mindat](http://www.mindat.org/search.php?name=Andradite),,
"Andradite_melanite,demont",9.AD.25,361,Ca3Fe3+2(SiO4)3,Ca Fe Si O,[Mindat](http://www.mindat.org/search.php?name=Andradite),,
Grossular-Andradite_Sasim,,464,,,,,
Anhydrite_Tolbachik,7.AD.30,277,Ca(SO4),Ca S O,[Mindat](http://www.mindat.org/search.php?name=Anhydrite),,
Ankerite_Radomskaya,5.AB.10,187,"Ca(Fe2+,Mg)(CO3)2",Ca Fe Mg C O,[Mindat](http://www.mindat.org/search.php?name=Ankerite),,
Dark_lambradorite Medvedev,,39,,,,,
Light_blue lambradorite oplescent region,,40,,,,,
Aragonite_,5.AB.15,44,Ca(CO3),Ca C O,[Mindat](http://www.mindat.org/search.php?name=Aragonite),,
Arfvedsonite_probably from inrtu,9.DE.25,23,NaNa2(Fe2+4Fe3+)Si8O22(OH)2,Na Fe Si O H,[Mindat](http://www.mindat.org/search.php?name=Arfvedsonite),,
Arfvedsonite_INRTU 2058,9.DE.25,270,NaNa2(Fe2+4Fe3+)Si8O22(OH)2,Na Fe Si O H,[Mindat](http://www.mindat.org/search.php?name=Arfvedsonite),,
Arfvedsonite_probably from inrtu,9.DE.25,507,NaNa2(Fe2+4Fe3+)Si8O22(OH)2,Na Fe Si O H,[Mindat](http://www.mindat.org/search.php?name=Arfvedsonite),,
Arfvedsonite_,9.DE.25,78,NaNa2(Fe2+4Fe3+)Si8O22(OH)2,Na Fe Si O H,[Mindat](http://www.mindat.org/search.php?name=Arfvedsonite),,
Arfvedsonite_Vladykin,9.DE.25,81,NaNa2(Fe2+4Fe3+)Si8O22(OH)2,Na Fe Si O H,[Mindat](http://www.mindat.org/search.php?name=Arfvedsonite),,
Association_with aerinite,,151,,,,,
Augite_plagioclase from oivine gabbro Kamchatka Demonterova,9.DA.15,293,"(Ca,Mg,Fe)2Si2O6",Ca Mg Fe Si O,[Mindat](http://www.mindat.org/search.php?name=Augite),,
Axinite-Fe_Sasim,,486,,,,,
"Axinite-Fe,Sasim_",,Sasim,,,,,
Axinite-(Mn)_Dalnegorsk Primorie Radomskaya,9.BD.20,229,Ca4Mn2+2Al4 [B2Si8O30 ](OH)2,Ca Mn Al B Si O H,[Mindat](http://www.mindat.org/search.php?name=Axinite-(Mn)),,
Axinite-Mn_Vlasuyk pink,,232,,,,,
Azurite_Kaneva,5.BA.05,64,Cu3(CO3)2(OH)2,Cu C O H,[Mindat](http://www.mindat.org/search.php?name=Azurite),,
"Azurite-,dem-2_",,dem-2,,,,,
Balliranoite_,9.FB.05,283,"(Na,K)6Ca2(Si6Al6O24)Cl2(CO3)",Na K Ca Si Al O Cl C,[Mindat](http://www.mindat.org/search.php?name=Balliranoite),,
Balliranoite_,9.FB.05,290,"(Na,K)6Ca2(Si6Al6O24)Cl2(CO3)",Na K Ca Si Al O Cl C,[Mindat](http://www.mindat.org/search.php?name=Balliranoite),,
Balliranoite_s7,9.FB.05,391,"(Na,K)6Ca2(Si6Al6O24)Cl2(CO3)",Na K Ca Si Al O Cl C,[Mindat](http://www.mindat.org/search.php?name=Balliranoite),,
Baratovite_in association with feldspar and turkestanite Dara-i-Pioz grain 1,9.CJ.25,212,KLi3Ca7Ti2(SiO3)12F2,K Li Ca Ti Si O F,[Mindat](http://www.mindat.org/search.php?name=Baratovite),,
Baratovite_in association with turkestanite grain 3 Dara-i-Pioz,9.CJ.25,215,KLi3Ca7Ti2(SiO3)12F2,K Li Ca Ti Si O F,[Mindat](http://www.mindat.org/search.php?name=Baratovite),,
Barite_Adygeya,,226,,,,,
Baryte_Radomskaya Belorech,9.BC.20,470,Ba(SO4),Ba S O,[Mindat](http://www.mindat.org/search.php?name=Baryte),,
Baryte_Belorechenskoe,9.BC.20,471,Ba(SO4),Ba S O,[Mindat](http://www.mindat.org/search.php?name=Baryte),,
Baryte_Belorechenskoe yellowish,9.BC.20,472,Ba(SO4),Ba S O,[Mindat](http://www.mindat.org/search.php?name=Baryte),,
Batisite_Inagli Radomskaya second point,9.DH.20,434,Na2BaTi2O2(Si2O6)2,Na Ba Ti O Si,[Mindat](http://www.mindat.org/search.php?name=Batisite),,
Batisite_Inagli second sample,9.DH.20,435,Na2BaTi2O2(Si2O6)2,Na Ba Ti O Si,[Mindat](http://www.mindat.org/search.php?name=Batisite),,
Batisite_sample 3 Inagli Radomskaya,9.DH.20,436,Na2BaTi2O2(Si2O6)2,Na Ba Ti O Si,[Mindat](http://www.mindat.org/search.php?name=Batisite),,
Batisite_Inagli,9.DH.20,80,Na2BaTi2O2(Si2O6)2,Na Ba Ti O Si,[Mindat](http://www.mindat.org/search.php?name=Batisite),,
Belovite_Lovozero Radomskaya,,521,,,,,
Bertrandite_or spaerobertrandite Ermakovka,9.BD.05,269,Be4Si2O7(OH)2,Be Si O H,[Mindat](http://www.mindat.org/search.php?name=Bertrandite),,
Beryl_light blue,9.CJ.05,109,Be3Al2Si6O18,Be Al Si O,[Mindat](http://www.mindat.org/search.php?name=Beryl),,
Beryl_light green blue,9.CJ.05,110,Be3Al2Si6O18,Be Al Si O,[Mindat](http://www.mindat.org/search.php?name=Beryl),,
Beryl_light blue,9.CJ.05,111,Be3Al2Si6O18,Be Al Si O,[Mindat](http://www.mindat.org/search.php?name=Beryl),,
Beryl_green Sasim,9.CJ.05,466,Be3Al2Si6O18,Be Al Si O,[Mindat](http://www.mindat.org/search.php?name=Beryl),,
Beryl_green Sasim other cleavage,9.CJ.05,467,Be3Al2Si6O18,Be Al Si O,[Mindat](http://www.mindat.org/search.php?name=Beryl),,
Beryl_green Sasim other cleavage,9.CJ.05,510,Be3Al2Si6O18,Be Al Si O,[Mindat](http://www.mindat.org/search.php?name=Beryl),,
Biachellaite_Sacrofano,9.FB.05,5,"(Na,Ca,K)8(Si6Al6O24)(SO4)2(OH)0.5 H2O",Na Ca K Si Al O S H,[Mindat](http://www.mindat.org/search.php?name=Biachellaite),,
Biotiite_,,415,,,,,
Biotite_Phlogopite,,31,,,,,
Boussingaultite-refl_,,refl,,,,,
Brookite_Vladykin,4.AB.20,50,TiO2,Ti O,[Mindat](http://www.mindat.org/search.php?name=Brookite),,
Brookite_Vladykin,4.AB.20,512,TiO2,Ti O,[Mindat](http://www.mindat.org/search.php?name=Brookite),,
Brucite_,4.FE.05,112,Mg(OH)2,Mg O H,[Mindat](http://www.mindat.org/search.php?name=Brucite),,
Brucite_bendeliani,4.FE.05,335,Mg(OH)2,Mg O H,[Mindat](http://www.mindat.org/search.php?name=Brucite),,
Brucite_bendeliani,4.FE.05,511,Mg(OH)2,Mg O H,[Mindat](http://www.mindat.org/search.php?name=Brucite),,
Bystrite_in association with calcite,9.FB.05,282,Na7Ca(Al6Si6)O24(S5)2-Cl1-,Na Ca Al Si O S Cl,[Mindat](http://www.mindat.org/search.php?name=Bystrite),,
Calcite_Tageran massif PriOlhon,5.AB.05,154,Ca(CO3),Ca C O,[Mindat](http://www.mindat.org/search.php?name=Calcite),,
calcite_and serpentine,5.AB.05,197,Ca(CO3),Ca C O,[Mindat](http://www.mindat.org/search.php?name=Calcite),,
Blue_Calcite,,45,,,,,
Calcite_pink Koshunovskoe Vorotsov,5.AB.05,51,Ca(CO3),Ca C O,[Mindat](http://www.mindat.org/search.php?name=Calcite),,
Calcite_Tageran massif PriOlhon,5.AB.05,513,Ca(CO3),Ca C O,[Mindat](http://www.mindat.org/search.php?name=Calcite),,
Icelandic_spar,,52,,,,,
Canasite_Lovozero Panikorovskiy,9.DG.80,421,K3Na3Ca5Si12O30(OH)4,K Na Ca Si O H,[Mindat](http://www.mindat.org/search.php?name=Canasite),,
Cancrinite_Kaneva,9.FB.05,22,"(Na,Ca,  box )8(Al6Si6)O24(CO3,SO4)2 2H2O",Na Ca Al Si O C S H,[Mindat](http://www.mindat.org/search.php?name=Cancrinite),,
Carletonite_Canada association with aphophillite f1,9.EB.20,15,"KNa4Ca4Si8O18(CO3)4(F,OH) H2O",K Na Ca Si O C F H,[Mindat](http://www.mindat.org/search.php?name=Carletonite),,
Carletonite_Canada f1,9.EB.20,16,"KNa4Ca4Si8O18(CO3)4(F,OH) H2O",K Na Ca Si O C F H,[Mindat](http://www.mindat.org/search.php?name=Carletonite),,
Carletonite_Canada c1,9.EB.20,20,"KNa4Ca4Si8O18(CO3)4(F,OH) H2O",K Na Ca Si O C F H,[Mindat](http://www.mindat.org/search.php?name=Carletonite),,
Cassiterite_,4.DB.05,43,SnO2,Sn O,[Mindat](http://www.mindat.org/search.php?name=Cassiterite),,
Celestine_Madagascar,7.AD.35,254,Sr(SO4),Sr S O,[Mindat](http://www.mindat.org/search.php?name=Celestine),,
Celestine_Madagascar D-Agostinit,7.AD.35,255,Sr(SO4),Sr S O,[Mindat](http://www.mindat.org/search.php?name=Celestine),,
Celestine_SrSO4 in association Korshuniha,7.AD.35,256,Sr(SO4),Sr S O,[Mindat](http://www.mindat.org/search.php?name=Celestine),,
Blue_Celestine Vorontsov,,66,,,,,
Chalcanthite_,7.CB.20,191,Cu(SO4) 5H2O,Cu S O H,[Mindat](http://www.mindat.org/search.php?name=Chalcanthite),,
Charoite_large polished,9.DG.92,105,"(K,Sr,Ba,Mn)15-16(Ca,Na)32 [Si70(O,OH)180 ](OH,F)4 nH2O",K Sr Ba Mn Ca Na Si O H F,[Mindat](http://www.mindat.org/search.php?name=Charoite),,
Charoite_in association with flurocarletonite f4,9.DG.92,18,"(K,Sr,Ba,Mn)15-16(Ca,Na)32 [Si70(O,OH)180 ](OH,F)4 nH2O",K Sr Ba Mn Ca Na Si O H F,[Mindat](http://www.mindat.org/search.php?name=Charoite),,
Charoite_in asscociation with fluorcarletonite f5 ,9.DG.92,19,"(K,Sr,Ba,Mn)15-16(Ca,Na)32 [Si70(O,OH)180 ](OH,F)4 nH2O",K Sr Ba Mn Ca Na Si O H F,[Mindat](http://www.mindat.org/search.php?name=Charoite),,
Charoite_in association with daleyite,9.DG.92,454,"(K,Sr,Ba,Mn)15-16(Ca,Na)32 [Si70(O,OH)180 ](OH,F)4 nH2O",K Sr Ba Mn Ca Na Si O H F,[Mindat](http://www.mindat.org/search.php?name=Charoite),,
Charoite_thin polished Radomaksaya,9.DG.92,91,"(K,Sr,Ba,Mn)15-16(Ca,Na)32 [Si70(O,OH)180 ](OH,F)4 nH2O",K Sr Ba Mn Ca Na Si O H F,[Mindat](http://www.mindat.org/search.php?name=Charoite),,
"Chloritoid_,Aldan",9.AF.85,311,Fe2+Al2O(SiO4)(OH)2,Fe Al O Si H,[Mindat](http://www.mindat.org/search.php?name=Chloritoid),,
Chromite_,4.BB.05,306,Fe2+Cr2O4,Fe Cr O,[Mindat](http://www.mindat.org/search.php?name=Chromite),,
Chrompicotite_dem,,352,,,,,
Chrompicotite_dem-2,,353,,,,,
Clinochlore_Korshuniha,9.EC.55,185,Mg5Al(AlSi3O10)(OH)8,Mg Al Si O H,[Mindat](http://www.mindat.org/search.php?name=Clinochlore),,
Clinochlore_light chlorite Korshunikha,9.EC.55,186,Mg5Al(AlSi3O10)(OH)8,Mg Al Si O H,[Mindat](http://www.mindat.org/search.php?name=Clinochlore),,
Coecite_Bendilieni 3166 12GPa,,337,,,,,
Columbite_,,325,,,,,
Cordierite_,9.CJ.10,53,Mg2Al4Si5O18,Mg Al Si O,[Mindat](http://www.mindat.org/search.php?name=Cordierite),,
Cordierite-AK-37_,,AK-37,,,,,
Cristobalite_Tolbachik yellow,4.DA.15,285,SiO2,Si O,[Mindat](http://www.mindat.org/search.php?name=Cristobalite),,
Cummingtonite_,9.DE.05,77,  box Mg2Mg5Si8O22(OH)2,Mg Si O H,[Mindat](http://www.mindat.org/search.php?name=Cummingtonite),,
Daleyte_grey,,205,,,,,
Dalyite_Malyi Murun in association charoite tinaksite ChR-21-2 Mitichkin,9.EA.25,200,K2ZrSi6O15,K Zr Si O,[Mindat](http://www.mindat.org/search.php?name=Dalyite),,
Dalyite_grey blue ChR-21-2 Mitichkin,9.EA.25,201,K2ZrSi6O15,K Zr Si O,[Mindat](http://www.mindat.org/search.php?name=Dalyite),,
Dalyite_Murun,9.EA.25,453,K2ZrSi6O15,K Zr Si O,[Mindat](http://www.mindat.org/search.php?name=Dalyite),,
Dalyite_grey in association with charoite,9.EA.25,455,K2ZrSi6O15,K Zr Si O,[Mindat](http://www.mindat.org/search.php?name=Dalyite),,
Danburite_Mitichkin,9.FA.65,480,CaB2Si2O8,Ca B Si O,[Mindat](http://www.mindat.org/search.php?name=Danburite),,
Danburite_Mitichkin,9.FA.65,481,CaB2Si2O8,Ca B Si O,[Mindat](http://www.mindat.org/search.php?name=Danburite),,
Danburite_,9.FA.65,54,CaB2Si2O8,Ca B Si O,[Mindat](http://www.mindat.org/search.php?name=Danburite),,
Darrellhenryite_,9.CK.,113,Na(Al2Li)Al6(Si6O18)(BO3)3(OH)3O,Na Al Li Si O B H,[Mindat](http://www.mindat.org/search.php?name=Darrellhenryite),,
Darrellhenryite_al-2-2013,9.CK.,114,Na(Al2Li)Al6(Si6O18)(BO3)3(OH)3O,Na Al Li Si O B H,[Mindat](http://www.mindat.org/search.php?name=Darrellhenryite),,
"Darrellhenryite,al-15_",,al-15,,,,,
Datolite_,9.AJ.20,127,CaB(SiO4)(OH),Ca B Si O H,[Mindat](http://www.mindat.org/search.php?name=Datolite),,
Dianite_Murun Dim Kaneva,,170,,,,,
Dianite_Murun grain 4 Kaneva,,172,,,,,
Dianite_Yakokut grain 2 Kaneva,,173,,,,,
Diopside_piroxene brown L-9 Bystraya Levitskiy,9.DA.15,163,CaMgSi2O6,Ca Mg Si O,[Mindat](http://www.mindat.org/search.php?name=Diopside),,
Diopside_piroxene light blue L-9 Bystraya Levitskiy,9.DA.15,164,CaMgSi2O6,Ca Mg Si O,[Mindat](http://www.mindat.org/search.php?name=Diopside),,
Diopside_grey BB-33 Levitskiy,9.DA.15,166,CaMgSi2O6,Ca Mg Si O,[Mindat](http://www.mindat.org/search.php?name=Diopside),,
Diopside_uchastok Zvezdochka,9.DA.15,321,CaMgSi2O6,Ca Mg Si O,[Mindat](http://www.mindat.org/search.php?name=Diopside),,
Diopside_green  Radomskaya,9.DA.15,482,CaMgSi2O6,Ca Mg Si O,[Mindat](http://www.mindat.org/search.php?name=Diopside),,
Diopside_blue Ioko Dovyrene,9.DA.15,484,CaMgSi2O6,Ca Mg Si O,[Mindat](http://www.mindat.org/search.php?name=Diopside),,
Diopside_green Ioko Dovyrene,9.DA.15,485,CaMgSi2O6,Ca Mg Si O,[Mindat](http://www.mindat.org/search.php?name=Diopside),,
Chrome-diopside_Radomskaya brown,,65,,,,,
dark_green diopside radomskaya,,84,,,,,
Diopside_C.S. Radomaksaya in association with spinel and calcite,9.DA.15,86,CaMgSi2O6,Ca Mg Si O,[Mindat](http://www.mindat.org/search.php?name=Diopside),,
Dolomite_carbonatite Guli,5.AB.10,190,CaMg(CO3)2,Ca Mg C O,[Mindat](http://www.mindat.org/search.php?name=Dolomite),,
Dolomite_in asociation with silvialite,5.AB.10,237,CaMg(CO3)2,Ca Mg C O,[Mindat](http://www.mindat.org/search.php?name=Dolomite),,
Dolomite_and talc association BKS K-1820,5.AB.10,407,CaMg(CO3)2,Ca Mg C O,[Mindat](http://www.mindat.org/search.php?name=Dolomite),,
Dravite_probably,9.CK.05,125,NaMg3Al6(Si6O18)(BO3)3(OH)3(OH),Na Mg Al Si O B H,[Mindat](http://www.mindat.org/search.php?name=Dravite),,
Elbaite_Rubellite Sherpova gora Mitichkin,9.CK.05,118,Na(Al1.5Li1.5)Al6(Si6O18)(BO3)3(OH)3(OH),Na Al Li Si O B H,[Mindat](http://www.mindat.org/search.php?name=Elbaite),,
Elpidite_Khan-Bogdo,9.DG.65,450,Na2ZrSi6O15 3H2O,Na Zr Si O H,[Mindat](http://www.mindat.org/search.php?name=Elpidite),,
Elpidite_Knon-Bogdo,9.DG.65,451,Na2ZrSi6O15 3H2O,Na Zr Si O H,[Mindat](http://www.mindat.org/search.php?name=Elpidite),,
Elpidite_Khan-Bogdo,9.DG.65,452,Na2ZrSi6O15 3H2O,Na Zr Si O H,[Mindat](http://www.mindat.org/search.php?name=Elpidite),,
Enstatite_,9.DA.05,326,Mg2Si2O6,Mg Si O,[Mindat](http://www.mindat.org/search.php?name=Enstatite),,
Epidote_Angasolka Radomskaya in association with x-pink,9.BG.05a,141,Ca2(Al2Fe3+) [Si2O7 ] [SiO4 ]O(OH),Ca Al Fe Si O H,[Mindat](http://www.mindat.org/search.php?name=Epidote),,
Epidote_Korshunikham 2020 Makrigina,9.BG.05a,230,Ca2(Al2Fe3+) [Si2O7 ] [SiO4 ]O(OH),Ca Al Fe Si O H,[Mindat](http://www.mindat.org/search.php?name=Epidote),,
Epidote_Angasolka DZhD Sukneva,9.BG.05a,248,Ca2(Al2Fe3+) [Si2O7 ] [SiO4 ]O(OH),Ca Al Fe Si O H,[Mindat](http://www.mindat.org/search.php?name=Epidote),,
Epidote_DZdD Sukneva,9.BG.05a,249,Ca2(Al2Fe3+) [Si2O7 ] [SiO4 ]O(OH),Ca Al Fe Si O H,[Mindat](http://www.mindat.org/search.php?name=Epidote),,
Epidote_Angasolka Radomskaya in association with x-pink,9.BG.05a,503,Ca2(Al2Fe3+) [Si2O7 ] [SiO4 ]O(OH),Ca Al Fe Si O H,[Mindat](http://www.mindat.org/search.php?name=Epidote),,
epoxy_,,287,,,,,
Eudialite_Inagli Radomskay,,437,,,,,
Eudialite_Inagli Radomskay,,438,,,,,
Eudialite_Khibiny Radomskay,,439,,,,,
Eudialite_Khibiny Radomskay,,440,,,,,
Eudialite_Khibiny Radomskay,,441,,,,,
Eudialite_Khibiny Radomskay,,442,,,,,
Fedorite_G-43 rose polished large,9.EE.80,106,"(K,Na)2.5(Ca,Na)7Si16O38(OH,F)2 3.5H2O",K Na Ca Si O H F,[Mindat](http://www.mindat.org/search.php?name=Fedorite),,
Fedorite_grey G43 errosion,9.EE.80,107,"(K,Na)2.5(Ca,Na)7Si16O38(OH,F)2 3.5H2O",K Na Ca Si O H F,[Mindat](http://www.mindat.org/search.php?name=Fedorite),,
Fedorite_G-43 crystal grain,9.EE.80,108,"(K,Na)2.5(Ca,Na)7Si16O38(OH,F)2 3.5H2O",K Na Ca Si O H F,[Mindat](http://www.mindat.org/search.php?name=Fedorite),,
"Fedorite_plate,19-33 Murun",9.EE.80,12,"(K,Na)2.5(Ca,Na)7Si16O38(OH,F)2 3.5H2O",K Na Ca Si O H F,[Mindat](http://www.mindat.org/search.php?name=Fedorite),,
Fedorite_Murun Noviy Mitichkin,9.EE.80,160,"(K,Na)2.5(Ca,Na)7Si16O38(OH,F)2 3.5H2O",K Na Ca Si O H F,[Mindat](http://www.mindat.org/search.php?name=Fedorite),,
Fedorite_Murun association with aegirine tinoksite thin polished section Radomaskaya,9.EE.80,89,"(K,Na)2.5(Ca,Na)7Si16O38(OH,F)2 3.5H2O",K Na Ca Si O H F,[Mindat](http://www.mindat.org/search.php?name=Fedorite),,
Feldspar_Medvedev Makogon 2020 brown,,102,,,,,
Feldspar_white Olkhon moon stone,,103,,,,,
Feldspar_in association with baratovite nd turkestanite Dara-i-Pioz- grain1 ,,211,,,,,
Feldspar_microcline or orthoclase Inagli IG-86-320-2,,240,,,,,
Feldspar_in association with smitsonite,,355,,,,,
Feldspar_in assciation with Cancrinite Dara-i-Pioz,,4,,,,,
Feldspar_Khan-Bogdo Radomskay,,448,,,,,
Feldspar_GSh-23-1,,461,,,,,
Ferberite_,4.DB.30,69,Fe2+(WO4),Fe W O,[Mindat](http://www.mindat.org/search.php?name=Ferberite),,
Fergusonite_AN Demonterova,,304,,,,,
Apatite_from carbonatite Guli Radomskaya,,189,,,,,
Fluorapatite_39-77-5,8.BN.05,320,Ca5(PO4)3F,Ca P O F,[Mindat](http://www.mindat.org/search.php?name=Fluorapatite),,
Fluorapatite_green Slyudyanka Radomskaya 2015,8.BN.05,71,Ca5(PO4)3F,Ca P O F,[Mindat](http://www.mindat.org/search.php?name=Fluorapatite),,
Fluorapatite_Iran Vladykin,8.BN.05,72,Ca5(PO4)3F,Ca P O F,[Mindat](http://www.mindat.org/search.php?name=Fluorapatite),,
Fluorcarletonite_Murun,9.EB.20,13,KNa4Ca4Si8O18(CO3)4F H2O,K Na Ca Si O C F H,[Mindat](http://www.mindat.org/search.php?name=Fluorcarletonite),,
Sr-fluorapatite_Inagli-IG-86-320-2 Radomskaya,,238,,,,,
Strontium-bearing_Apatite,,526,,,,,
Sr-bearing_apatite IG86-320-2,,527,,,,,
Forsterite_Tageran Priolkhon'e,9.AC.05,156,Mg2(SiO4),Mg Si O,[Mindat](http://www.mindat.org/search.php?name=Forsterite),,
Frankamenite_zerno 4,9.DG.90,177,K3Na3Ca5Si12O30F3(OH) H2O,K Na Ca Si O F H,[Mindat](http://www.mindat.org/search.php?name=Frankamenite),,
Frankamenite_green Ch-2 BKS,9.DG.90,405,K3Na3Ca5Si12O30F3(OH) H2O,K Na Ca Si O F H,[Mindat](http://www.mindat.org/search.php?name=Frankamenite),,
Frankamenite_grey Ch-2 BKS single grain,9.DG.90,406,K3Na3Ca5Si12O30F3(OH) H2O,K Na Ca Si O F H,[Mindat](http://www.mindat.org/search.php?name=Frankamenite),,
Frankamenite_grey polished radomskaya,9.DG.90,411,K3Na3Ca5Si12O30F3(OH) H2O,K Na Ca Si O F H,[Mindat](http://www.mindat.org/search.php?name=Frankamenite),,
Frankamenite_green radomskaya ,9.DG.90,412,K3Na3Ca5Si12O30F3(OH) H2O,K Na Ca Si O F H,[Mindat](http://www.mindat.org/search.php?name=Frankamenite),,
Frankamenite_green Radomskaya pewrp direction,9.DG.90,413,K3Na3Ca5Si12O30F3(OH) H2O,K Na Ca Si O F H,[Mindat](http://www.mindat.org/search.php?name=Frankamenite),,
Fresnoite_Inagli IG-86-320 point 9 Radomskaya,9.BE.15,239,Ba2TiO(Si2O7),Ba Ti O Si,[Mindat](http://www.mindat.org/search.php?name=Fresnoite),,
Fresnoite_IG-86-320-2,9.BE.15,524,Ba2TiO(Si2O7),Ba Ti O Si,[Mindat](http://www.mindat.org/search.php?name=Fresnoite),,
Fresnoite_IG-86-320-2 single grain,9.BE.15,525,Ba2TiO(Si2O7),Ba Ti O Si,[Mindat](http://www.mindat.org/search.php?name=Fresnoite),,
Fuchsite_,,32,,,,,
Garnet_Medvedev Levitskiy,,158,,,,,
Garnet_high pressure 2166,,338,,,,,
Garnet_2166 high pressure,,342,,,,,
Garnet_2166 high pressure,,343,,,,,
Gematite_,,300,,,,,
Gipsum_in association with antlerite Tolbachik North,,276,,,,,
Gipsum_Medvedev Radomskaya,,76,,,,,
Grossular_with andradite,9.AD.25,124,Ca3Al2(SiO4)3,Ca Al Si O,[Mindat](http://www.mindat.org/search.php?name=Grossular),,
Grossular_in association with rodinghite Bazhanovskoe Asbest Radomskaya,9.AD.25,430,Ca3Al2(SiO4)3,Ca Al Si O,[Mindat](http://www.mindat.org/search.php?name=Grossular),,
Grossular_Sasim,9.AD.25,469,Ca3Al2(SiO4)3,Ca Al Si O,[Mindat](http://www.mindat.org/search.php?name=Grossular),,
Grossular_Sasim,9.AD.25,517,Ca3Al2(SiO4)3,Ca Al Si O,[Mindat](http://www.mindat.org/search.php?name=Grossular),,
Gypsum_,7.CD.40,75,Ca(SO4) 2H2O,Ca S O H,[Mindat](http://www.mindat.org/search.php?name=Gypsum),,
Hauyne_MD Sapozhnikov,9.FB.10,146,Na3Ca(Si3Al3)O12(SO4),Na Ca Si Al O S,[Mindat](http://www.mindat.org/search.php?name=Hauyne),,
Hauyne_LK-33 9 Sapozhnikov,9.FB.10,147,Na3Ca(Si3Al3)O12(SO4),Na Ca Si Al O S,[Mindat](http://www.mindat.org/search.php?name=Hauyne),,
Hauyne_LSh38,9.FB.10,148,Na3Ca(Si3Al3)O12(SO4),Na Ca Si Al O S,[Mindat](http://www.mindat.org/search.php?name=Hauyne),,
Hauyne_Tultuy green,9.FB.10,272,Na3Ca(Si3Al3)O12(SO4),Na Ca Si Al O S,[Mindat](http://www.mindat.org/search.php?name=Hauyne),,
Hauyne_2nd grain green Tultuy,9.FB.10,273,Na3Ca(Si3Al3)O12(SO4),Na Ca Si Al O S,[Mindat](http://www.mindat.org/search.php?name=Hauyne),,
Hauyne_green S4 Mianma,9.FB.10,274,Na3Ca(Si3Al3)O12(SO4),Na Ca Si Al O S,[Mindat](http://www.mindat.org/search.php?name=Hauyne),,
Hauyne_green mianma kamnavedy,9.FB.10,275,Na3Ca(Si3Al3)O12(SO4),Na Ca Si Al O S,[Mindat](http://www.mindat.org/search.php?name=Hauyne),,
Hauyne_pink Sapozhnikov row 8 s7,9.FB.10,288,Na3Ca(Si3Al3)O12(SO4),Na Ca Si Al O S,[Mindat](http://www.mindat.org/search.php?name=Hauyne),,
Hauyne_lazurite reznitsky lr-39 s7,9.FB.10,388,Na3Ca(Si3Al3)O12(SO4),Na Ca Si Al O S,[Mindat](http://www.mindat.org/search.php?name=Hauyne),,
Hauyne_pink s7,9.FB.10,392,Na3Ca(Si3Al3)O12(SO4),Na Ca Si Al O S,[Mindat](http://www.mindat.org/search.php?name=Hauyne),,
Hauyne_MB-1 s7,9.FB.10,515,Na3Ca(Si3Al3)O12(SO4),Na Ca Si Al O S,[Mindat](http://www.mindat.org/search.php?name=Hauyne),,
Hauyne_7981 Chukanov,9.FB.10,516,Na3Ca(Si3Al3)O12(SO4),Na Ca Si Al O S,[Mindat](http://www.mindat.org/search.php?name=Hauyne),,
Hauyne_7981 Chukanov,9.FB.10,7,Na3Ca(Si3Al3)O12(SO4),Na Ca Si Al O S,[Mindat](http://www.mindat.org/search.php?name=Hauyne),,
Heulandite_Medvedev,,101,,,,,
Heulandite_Kaneva,,179,,,,,
Heulandite_Mdevedev wirh inclusion,,344,,,,,
Heulandite_,,58,,,,,
High_pressure carbonate in association with ringwoodite 2166 12GPa,,339,,,,,
High_pressure 12GPa piroxene,,340,,,,,
Hubnerite_Djida 9 1011 minmus,4.DB.30,264,Mn2+(WO4),Mn W O,[Mindat](http://www.mindat.org/search.php?name=Hubnerite),,
Hubnerite_,4.DB.30,70,Mn2+(WO4),Mn W O,[Mindat](http://www.mindat.org/search.php?name=Hubnerite),,
Hyalotekite_or Maleevite Dara-i-Pioz in association with reedmergnerite row 3 grain 3,9.CH.05,224,"(Ba,Pb,K)4(Ca,Y)2(B,Be)2(Si,B)2Si8O28F",Ba Pb K Ca Y B Be Si O F,[Mindat](http://www.mindat.org/search.php?name=Hyalotekite),,
Hydrogarnet_,,309,,,,,
Hydrogarnet_Akhtaraida,,310,,,,,
Hydrogarnet_12 GPa 2166,,341,,,,,
Hydroxiapophylilte_,,522,,,,,
Hydroxiapophyllite_f1 grain fluorcarl,,169,,,,,
Hydroxyapophyllite_from association with carletonite f1,,17,,,,,
Apatite_Arina teeth,,227,,,,,
Apatite_demont,,360,,,,,
Inagli-265_1,,447,,,,,
Innelite_Inagli IG-86-320-2,9.BE.40,241,Ba4Ti2Na(NaCa)Ti(Si2O7)2 [(SO4)(PO4) ]O2 [O(OH) ],Ba Ti Na Ca Si O S P H,[Mindat](http://www.mindat.org/search.php?name=Innelite),,
Innelite_IG-86-320-2 point 13,9.BE.40,528,Ba4Ti2Na(NaCa)Ti(Si2O7)2 [(SO4)(PO4) ]O2 [O(OH) ],Ba Ti Na Ca Si O S P H,[Mindat](http://www.mindat.org/search.php?name=Innelite),,
Jadeite_Radomskaya,9.DA.25,98,NaAlSi2O6,Na Al Si O,[Mindat](http://www.mindat.org/search.php?name=Jadeite),,
Jaspillite_,,131,,,,,
K3Eu3B4O12_Subanakov synthetic,,181,,,,,
KAl(SO4)2_,,192,,,,,
KCr(SO4)2_,,198,,,,,
KCr(SO4)2_fresh cleavage,,199,,,,,
Kaersutite_,9.DE.15,328,NaCa2(Mg3AlTi4+)(Si6Al2)O22O2,Na Ca Mg Al Ti Si O,[Mindat](http://www.mindat.org/search.php?name=Kaersutite),,
Kaersutite_Sukneva Radost,9.DE.15,520,NaCa2(Mg3AlTi4+)(Si6Al2)O22O2,Na Ca Mg Al Ti Si O,[Mindat](http://www.mindat.org/search.php?name=Kaersutite),,
Kalsilite_Radomskaya Sakun massif Golevskoye,9.FA.05,253,KAlSiO4,K Al Si O,[Mindat](http://www.mindat.org/search.php?name=Kalsilite),,
Kapustinite_LV-23-1 Panikorovskyi Karn,9.CJ.15a,496,Na6ZrSi6O16(OH)2,Na Zr Si O H,[Mindat](http://www.mindat.org/search.php?name=Kapustinite),,
Kapustinite_LV-23-1 grain 2 Panikorovskyi,9.CJ.15a,497,Na6ZrSi6O16(OH)2,Na Zr Si O H,[Mindat](http://www.mindat.org/search.php?name=Kapustinite),,
Kerchenite_Crimea INRTU,,74,,,,,
Kianoxalite_Flora,,473,,,,,
Krohnkite_green tolbachik SP-90,7.CC.30,278,Na2Cu(SO4)2 2H2O,Na Cu S O H,[Mindat](http://www.mindat.org/search.php?name=Krohnkite),,
Krohnkite_green tolbachik sp90,7.CC.30,279,Na2Cu(SO4)2 2H2O,Na Cu S O H,[Mindat](http://www.mindat.org/search.php?name=Krohnkite),,
Kupletskite_Khibiny Zhitova,9.DC.05,428,K2NaMn2+7Ti2(Si4O12)2O2(OH)4F,K Na Mn Ti Si O H F,[Mindat](http://www.mindat.org/search.php?name=Kupletskite),,
Kupletskite_Kibiny Zhitova sample 2,9.DC.05,429,K2NaMn2+7Ti2(Si4O12)2O2(OH)4F,K Na Mn Ti Si O H F,[Mindat](http://www.mindat.org/search.php?name=Kupletskite),,
Kyanite_INRTU 2020,9.FB.05,126,Al2OSiO4,Al O Si,[Mindat](http://www.mindat.org/search.php?name=Kyanite),,
Kyanite_dark,9.FB.05,314,Al2OSiO4,Al O Si,[Mindat](http://www.mindat.org/search.php?name=Kyanite),,
"Kyanite,Medvedev_Levitskiy",,Medvedev,,,,,
Kyanoxalite_Flora Lovozero,4.DE.45,11,Na7(Al5-6Si6-7O24)(C2O4)0.5-1.0 5H2O,Na Al Si O C H,[Mindat](http://www.mindat.org/search.php?name=Kyanoxalite),,
Kyanoxalite_Pekov Flora Light blue,4.DE.45,424,Na7(Al5-6Si6-7O24)(C2O4)0.5-1.0 5H2O,Na Al Si O C H,[Mindat](http://www.mindat.org/search.php?name=Kyanoxalite),,
Kyianite_,,313,,,,,
LK-5A_Lazurite malobystr row 7 s7,,289,,,,,
LK33_9 single grain monoclinic lazurite,,149,,,,,
Lazulite_Stepchenko,8.BB.40,132,MgAl2(PO4)2(OH)2,Mg Al P O H,[Mindat](http://www.mindat.org/search.php?name=Lazulite),,
Lazulite_Mitichkin,8.BB.40,426,MgAl2(PO4)2(OH)2,Mg Al P O H,[Mindat](http://www.mindat.org/search.php?name=Lazulite),,
Lazulite_Mitichkin sample 2,8.BB.40,427,MgAl2(PO4)2(OH)2,Mg Al P O H,[Mindat](http://www.mindat.org/search.php?name=Lazulite),,
Lazulite_Mitichkin,8.BB.40,487,MgAl2(PO4)2(OH)2,Mg Al P O H,[Mindat](http://www.mindat.org/search.php?name=Lazulite),,
Lazurite_L-1 nosean like,9.FB.10,161,Na7Ca(Al6Si6O24)(SO4)(S3)1- H2O,Na Ca Al Si O S H,[Mindat](http://www.mindat.org/search.php?name=Lazurite),,
Lazurite_monoclinic L2,9.FB.10,162,Na7Ca(Al6Si6O24)(SO4)(S3)1- H2O,Na Ca Al Si O S H,[Mindat](http://www.mindat.org/search.php?name=Lazurite),,
Lazurite_L-15,9.FB.10,167,Na7Ca(Al6Si6O24)(SO4)(S3)1- H2O,Na Ca Al Si O S H,[Mindat](http://www.mindat.org/search.php?name=Lazurite),,
Lazurite_light blue Slyudyanka SL-SM-6,9.FB.10,168,Na7Ca(Al6Si6O24)(SO4)(S3)1- H2O,Na Ca Al Si O S H,[Mindat](http://www.mindat.org/search.php?name=Lazurite),,
Lazurite_ZK,9.FB.10,292,Na7Ca(Al6Si6O24)(SO4)(S3)1- H2O,Na Ca Al Si O S H,[Mindat](http://www.mindat.org/search.php?name=Lazurite),,
Lazurite_ZK s7 holotype,9.FB.10,386,Na7Ca(Al6Si6O24)(SO4)(S3)1- H2O,Na Ca Al Si O S H,[Mindat](http://www.mindat.org/search.php?name=Lazurite),,
Lazurite_ZK holhotype s7 grain in center,9.FB.10,387,Na7Ca(Al6Si6O24)(SO4)(S3)1- H2O,Na Ca Al Si O S H,[Mindat](http://www.mindat.org/search.php?name=Lazurite),,
Lazurite_ZK right grain s7 holotype,9.FB.10,389,Na7Ca(Al6Si6O24)(SO4)(S3)1- H2O,Na Ca Al Si O S H,[Mindat](http://www.mindat.org/search.php?name=Lazurite),,
Lepidolite_Malhan,,30,,,,,
Leucoxene_,,514,,,,,
Loparite-Ce_,,518,,,,,
Ludwigite_Kaneva,6.AB.30,62,Mg2Fe3+O2(BO3),Mg Fe O B,[Mindat](http://www.mindat.org/search.php?name=Ludwigite),,
MaYa-21-2_violet zone,,260,,,,,
MaYa21-1_violet,,261,,,,,
MaYa21-1_white,,262,,,,,
MaYa21-2_contact zone,,259,,,,,
Magnesio-arfvedsonite_Inagli IG-86-320-2 point 2,9.DE.25,245,NaNa2(Mg4Fe3+)Si8O22(OH)2,Na Mg Fe Si O H,[Mindat](http://www.mindat.org/search.php?name=Magnesio-arfvedsonite),,
Magnesio-arfvedsonite_Inagli in association with feldspar and batialite,9.DE.25,82,NaNa2(Mg4Fe3+)Si8O22(OH)2,Na Mg Fe Si O H,[Mindat](http://www.mindat.org/search.php?name=Magnesio-arfvedsonite),,
Magnesite_,5.AB.05,138,Mg(CO3),Mg C O,[Mindat](http://www.mindat.org/search.php?name=Magnesite),,
Magnesite_Radomskaya,5.AB.05,193,Mg(CO3),Mg C O,[Mindat](http://www.mindat.org/search.php?name=Magnesite),,
Magnesite_Sukneva,5.AB.05,257,Mg(CO3),Mg C O,[Mindat](http://www.mindat.org/search.php?name=Magnesite),,
Majorite_Bindeliani 2384 middle,9.AD.25,330,Mg3(MgSi)(SiO4)3,Mg Si O,[Mindat](http://www.mindat.org/search.php?name=Majorite),,
Majoritic_garnet Bendeliani 2388,,334,,,,,
Malachite_Kaneva,5.BA.10,63,Cu2(CO3)(OH)2,Cu C O H,[Mindat](http://www.mindat.org/search.php?name=Malachite),,
Marialite_grain 2 Kaneva,9.FB.15,174,Na4Al3Si9O24Cl,Na Al Si O Cl,[Mindat](http://www.mindat.org/search.php?name=Marialite),,
Meioinite_grain 1 Kaneva grain 1,,153,,,,,
Meionite_Kaneva grain 3,9.FB.15,175,Ca4Al6Si6O24(CO3),Ca Al Si O C,[Mindat](http://www.mindat.org/search.php?name=Meionite),,
Microcline_ChR-21-2 Mitichkin,9.FA.30,204,K(AlSi3O8),K Al Si O,[Mindat](http://www.mindat.org/search.php?name=Microcline),,
Microcline_green amazonite,9.FA.30,207,K(AlSi3O8),K Al Si O,[Mindat](http://www.mindat.org/search.php?name=Microcline),,
Microcline_Sakun massif 19-15,9.FA.30,258,K(AlSi3O8),K Al Si O,[Mindat](http://www.mindat.org/search.php?name=Microcline),,
Microcline_Makogon,9.FA.30,26,K(AlSi3O8),K Al Si O,[Mindat](http://www.mindat.org/search.php?name=Microcline),,
Microcline_Amazonite,9.FA.30,312,K(AlSi3O8),K Al Si O,[Mindat](http://www.mindat.org/search.php?name=Microcline),,
Microcline_T5 BKS Radomskaya,9.FA.30,431,K(AlSi3O8),K Al Si O,[Mindat](http://www.mindat.org/search.php?name=Microcline),,
Microcline_Amazonite Radomskaya,9.FA.30,483,K(AlSi3O8),K Al Si O,[Mindat](http://www.mindat.org/search.php?name=Microcline),,
K-feldspar_IG-86-320-2 point 12,,529,,,,,
Monazite_AN,,301,,,,,
Monazite_dayalgenakh,,318,,,,,
Monazite_demont,,364,,,,,
Murmanite_Lovozero Medvedev,9.BE.27,519,Na2Ti2Na2Ti2(Si2O7)2O4(H2O)4,Na Ti Si O H,[Mindat](http://www.mindat.org/search.php?name=Murmanite),,
Muscovite_Mama,9.EC.15,27,KAl2(Si3Al)O10(OH)2,K Al Si O H,[Mindat](http://www.mindat.org/search.php?name=Muscovite),,
Muscovite_Mama,9.EC.15,29,KAl2(Si3Al)O10(OH)2,K Al Si O H,[Mindat](http://www.mindat.org/search.php?name=Muscovite),,
Muscovite_GSh-23-1,9.EC.15,460,KAl2(Si3Al)O10(OH)2,K Al Si O H,[Mindat](http://www.mindat.org/search.php?name=Muscovite),,
Na3YbB2O6_,,183,,,,,
Nabalamprophyllite_Inagli IG-86-320-2,9.BE.25,243,(BaNa)Ti2Na3Ti(Si2O7)2O2(OH)2,Ba Na Ti Si O H,[Mindat](http://www.mindat.org/search.php?name=Nabalamprophyllite),,
Nanosize_apatite rat bones,,523,,,,,
Natrolite_,9.GA.05,246,Na2(Si3Al2)O10 2H2O,Na Si Al O H,[Mindat](http://www.mindat.org/search.php?name=Natrolite),,
Feldspar_Flora Lovozero in association with kyanoxalite,,475,,,,,
Nephrite_green Jordan Arina,,143,,,,,
Nephrite_green,,37,,,,,
Brown_nephrite,,brown,,,,,
Nontronite_Demonterova,9.EC.40,298,"Na0.3Fe3+2(Si,Al)4O10(OH)2 nH2O",Na Fe Si Al O H,[Mindat](http://www.mindat.org/search.php?name=Nontronite),,
Nontronite_Demonterova,9.EC.40,305,"Na0.3Fe3+2(Si,Al)4O10(OH)2 nH2O",Na Fe Si Al O H,[Mindat](http://www.mindat.org/search.php?name=Nontronite),,
Nosean_Eifel,9.FB.10,6,Na8(Si6Al6)O24(SO4) H2O,Na Si Al O S H,[Mindat](http://www.mindat.org/search.php?name=Nosean),,
Odintsovite_grain1 Kaneva 10mkm,9.CJ.50,178,K2Na4Ca3Ti2Be4Si12O38,K Na Ca Ti Be Si O,[Mindat](http://www.mindat.org/search.php?name=Odintsovite),,
Odintsovite_Kaneva,9.CJ.50,56,K2Na4Ca3Ti2Be4Si12O38,K Na Ca Ti Be Si O,[Mindat](http://www.mindat.org/search.php?name=Odintsovite),,
"Olivenite,9_93 England minmus",,9,,,,,
Olivine_from olivine gabbro Kamchatka Demonterova yellow plate,,294,,,,,
Orthoclase_K-feldaspar Mitichkin,9.FA.30,488,K(AlSi3O8),K Al Si O,[Mindat](http://www.mindat.org/search.php?name=Orthoclase),,
Orthoclase_K-feldaspar Mitichkin,9.FA.30,509,K(AlSi3O8),K Al Si O,[Mindat](http://www.mindat.org/search.php?name=Orthoclase),,
Pectolite_zerno 2 Kaneva,9.DG.05,176,NaCa2Si3O8(OH),Na Ca Si O H,[Mindat](http://www.mindat.org/search.php?name=Pectolite),,
Pectolite_Inagli IG-86-320-2 point 3,9.DG.05,244,NaCa2Si3O8(OH),Na Ca Si O H,[Mindat](http://www.mindat.org/search.php?name=Pectolite),,
Pectolite_zerno 1 Kaneva,9.DG.05,508,NaCa2Si3O8(OH),Na Ca Si O H,[Mindat](http://www.mindat.org/search.php?name=Pectolite),,
Pectolite_Kaneva,9.DG.05,55,NaCa2Si3O8(OH),Na Ca Si O H,[Mindat](http://www.mindat.org/search.php?name=Pectolite),,
Pektolite_zerno 1 Kaneva,,180,,,,,
Perovskite_Afrikanda Radomskaya,4.CC.30,500,CaTiO3,Ca Ti O,[Mindat](http://www.mindat.org/search.php?name=Perovskite),,
Perovskite_Afrikanda Radomskaya single crystal,4.CC.30,501,CaTiO3,Ca Ti O,[Mindat](http://www.mindat.org/search.php?name=Perovskite),,
Perovskite_Afrikanda Radomskaya single crystal,4.CC.30,502,CaTiO3,Ca Ti O,[Mindat](http://www.mindat.org/search.php?name=Perovskite),,
Phenakite_Ermakovka,9.AA.05,271,Be2(SiO4),Be Si O,[Mindat](http://www.mindat.org/search.php?name=Phenakite),,
Phosphate_1584 yellow in association with quartz Undina Zimin,,302,,,,,
Phosphoinnelite_Inagli IG-86-320-2 point 5,9.BE.40,242,Na3Ba4Ti3Si4O14(PO4)2O2F,Na Ba Ti Si O P F,[Mindat](http://www.mindat.org/search.php?name=Phosphoinnelite),,
Picroilmenite_,,324,,,,,
Plagioclase_Sky blue sample Bystraya BY-33 Levitskiy,,165,,,,,
Plagioclase_Labradorite Medvedev,,38,,,,,
Plagioclase_Labradorite ,,41,,,,,
Plagioclase_,,46,,,,,
Cs-Mica_Ary-Bulak Dmitrieva,,234,,,,,
Polylithionite_(Zinwaldite) single crystal,9.HC.40,399,KLi2AlSi4O10F2,K Li Al Si O F,[Mindat](http://www.mindat.org/search.php?name=Polylithionite),,
Polylithionite_(Zinwaldite) grain2,9.HC.40,400,KLi2AlSi4O10F2,K Li Al Si O F,[Mindat](http://www.mindat.org/search.php?name=Polylithionite),,
Pottasic-Hastingsite_,,61,,,,,
K-richterite_Dianite Inagli,,171,,,,,
K-Richterite_,,79,,,,,
Pottasic-richterite_Inagli image105.2 86-320-2,,247,,,,,
Pottassic_richterite Murun dianite D1-bks,,409,,,,,
Pottassic-feldspar_Olkhon Otchkovyi gneiss,,104,,,,,
Prehnite_Radomskaya,9.DP.20,99,Ca2Al(Si3Al)O10(OH)2,Ca Al Si O H,[Mindat](http://www.mindat.org/search.php?name=Prehnite),,
Purpurite_Kaneva,8.AB.10,60,Mn3+(PO4),Mn P O,[Mindat](http://www.mindat.org/search.php?name=Purpurite),,
Pyrochlore_,,329,,,,,
Pyrope_XII zvezda ,9.AD.25,297,Mg3Al2(SiO4)3,Mg Al Si O,[Mindat](http://www.mindat.org/search.php?name=Pyrope),,
Pyrope_dem,9.AD.25,356,Mg3Al2(SiO4)3,Mg Al Si O,[Mindat](http://www.mindat.org/search.php?name=Pyrope),,
Pyrope_red dem-2,9.AD.25,357,Mg3Al2(SiO4)3,Mg Al Si O,[Mindat](http://www.mindat.org/search.php?name=Pyrope),,
Pyrope_Ebelyakh,9.AD.25,358,Mg3Al2(SiO4)3,Mg Al Si O,[Mindat](http://www.mindat.org/search.php?name=Pyrope),,
Pyrope_green XIII siezd tube,9.AD.25,362,Mg3Al2(SiO4)3,Mg Al Si O,[Mindat](http://www.mindat.org/search.php?name=Pyrope),,
Quartz_Cacholong,4.DA.05,100,SiO2,Si O,[Mindat](http://www.mindat.org/search.php?name=Quartz),,
Quartz_Morion Radomskaya in association with topaz,4.DA.05,130,SiO2,Si O,[Mindat](http://www.mindat.org/search.php?name=Quartz),,
Agate_Urengoy,,133,,,,,
Quartz_in association with carletonite c1,4.DA.05,21,SiO2,Si O,[Mindat](http://www.mindat.org/search.php?name=Quartz),,
Quartz_in association with zeolite inrtu 2021,4.DA.05,346,SiO2,Si O,[Mindat](http://www.mindat.org/search.php?name=Quartz),,
Quartz_,4.DA.05,363,SiO2,Si O,[Mindat](http://www.mindat.org/search.php?name=Quartz),,
Quartz_Stepchenko Patom,4.DA.05,365,SiO2,Si O,[Mindat](http://www.mindat.org/search.php?name=Quartz),,
Quartz_vlasyuk,4.DA.05,366,SiO2,Si O,[Mindat](http://www.mindat.org/search.php?name=Quartz),,
Quartz_Ametist Valdykin 2015,4.DA.05,367,SiO2,Si O,[Mindat](http://www.mindat.org/search.php?name=Quartz),,
Quartz_Milky Bural Sardyk,4.DA.05,368,SiO2,Si O,[Mindat](http://www.mindat.org/search.php?name=Quartz),,
Quartz_Ametist Korhunovskoe,4.DA.05,369,SiO2,Si O,[Mindat](http://www.mindat.org/search.php?name=Quartz),,
Quartz_INRTU cleaned yellow,4.DA.05,370,SiO2,Si O,[Mindat](http://www.mindat.org/search.php?name=Quartz),,
Quartz_Zhadeite D'Agostiny,4.DA.05,371,SiO2,Si O,[Mindat](http://www.mindat.org/search.php?name=Quartz),,
Quartz_Brazil,4.DA.05,372,SiO2,Si O,[Mindat](http://www.mindat.org/search.php?name=Quartz),,
Quartz_Zabaikalie,4.DA.05,373,SiO2,Si O,[Mindat](http://www.mindat.org/search.php?name=Quartz),,
Quartz_Morion Radomskaya 2019,4.DA.05,374,SiO2,Si O,[Mindat](http://www.mindat.org/search.php?name=Quartz),,
Quartz_pink Radomskaya,4.DA.05,377,SiO2,Si O,[Mindat](http://www.mindat.org/search.php?name=Quartz),,
Quartz_Morion Vladykin 2023,4.DA.05,378,SiO2,Si O,[Mindat](http://www.mindat.org/search.php?name=Quartz),,
Quartz_Polar Ural Medvedev 2017,4.DA.05,379,SiO2,Si O,[Mindat](http://www.mindat.org/search.php?name=Quartz),,
Quartz_Rauchtopaz Bunaeva,4.DA.05,380,SiO2,Si O,[Mindat](http://www.mindat.org/search.php?name=Quartz),,
Quartz_Rauchtopaz,4.DA.05,381,SiO2,Si O,[Mindat](http://www.mindat.org/search.php?name=Quartz),,
Quartz_Morion Radomskaya,4.DA.05,382,SiO2,Si O,[Mindat](http://www.mindat.org/search.php?name=Quartz),,
Quartz_yellow Radomskaya,4.DA.05,384,SiO2,Si O,[Mindat](http://www.mindat.org/search.php?name=Quartz),,
Quartz_Polar Ural 2020,4.DA.05,385,SiO2,Si O,[Mindat](http://www.mindat.org/search.php?name=Quartz),,
Rb-Mica_Ary-Bulak Dmitrieva,,233,,,,,
Rb3Eu3B4O12_,,182,,,,,
Rb3Y2B3O9_,,184,,,,,
Reedmergnerite_grain 3 Dara-i-Pioz,9.FA.35,218,NaBSi3O8,Na B Si O,[Mindat](http://www.mindat.org/search.php?name=Reedmergnerite),,
Reedmergnerite_6 row grain2 Dara-i-Pioz,9.FA.35,223,NaBSi3O8,Na B Si O,[Mindat](http://www.mindat.org/search.php?name=Reedmergnerite),,
Reedmergnerite_single grain Kaneva,9.FA.35,396,NaBSi3O8,Na B Si O,[Mindat](http://www.mindat.org/search.php?name=Reedmergnerite),,
Reedmergnerite_Kaneva,9.FA.35,397,NaBSi3O8,Na B Si O,[Mindat](http://www.mindat.org/search.php?name=Reedmergnerite),,
"Reedmergnerite,Dara-i-Pioz_",,Dara-i-Pioz,,,,,
Rhodonite_,9.DK.05,137,CaMn3Mn(Si5O15),Ca Mn Si O,[Mindat](http://www.mindat.org/search.php?name=Rhodonite),,
"Richterite_Flora,Lovozero in association with Kyanoxalite black K-richterite probably",9.DE.20,474,Na(NaCa)Mg5Si8O22(OH)2,Na Ca Mg Si O H,[Mindat](http://www.mindat.org/search.php?name=Richterite),,
Ringwoodite_Bindeliani 2384 point 37,9.AC.15,331,SiMg2O4,Si Mg O,[Mindat](http://www.mindat.org/search.php?name=Ringwoodite),,
Ringwoodite_2384 point 19,9.AC.15,332,SiMg2O4,Si Mg O,[Mindat](http://www.mindat.org/search.php?name=Ringwoodite),,
Roselite_MinMus,8.CG.10,268,Ca2Co(AsO4)2 2H2O,Ca Co As O H,[Mindat](http://www.mindat.org/search.php?name=Roselite),,
Rubellite_AL-7,,116,,,,,
Rubellite_AL-8,,117,,,,,
Rutile_,4.DB.05,42,TiO2,Ti O,[Mindat](http://www.mindat.org/search.php?name=Rutile),,
Sapozhnikovite_Karasurt Lovozero,9.FB.,0,Na8(Al6Si6O24)(HS)2,Na Al Si O H S,[Mindat](http://www.mindat.org/search.php?name=Sapozhnikovite),,
Scawtite_Crestmore Arisona second sample,9.CK.15,150,Ca7(Si3O9)2(CO3) 2H2O,Ca Si O C H,[Mindat](http://www.mindat.org/search.php?name=Scawtite),,
Scawtite_in epoxy package Kaneva,9.CK.15,220,Ca7(Si3O9)2(CO3) 2H2O,Ca Si O C H,[Mindat](http://www.mindat.org/search.php?name=Scawtite),,
Scawtite_Crestmore mine California,9.CK.15,48,Ca7(Si3O9)2(CO3) 2H2O,Ca Si O C H,[Mindat](http://www.mindat.org/search.php?name=Scawtite),,
Schorl_,9.CK.05,119,NaFe2+3Al6(Si6O18)(BO3)3(OH)3(OH),Na Fe Al Si O B H,[Mindat](http://www.mindat.org/search.php?name=Schorl),,
Selenide_mineral from tolbachikl bluish sp91,,281,,,,,
Serpentine_Ophiocalcite Radomskaya,,194,,,,,
Serpentine_in association with ophiocalcite light green yellow,,195,,,,,
Serpentine_white ophiocalcite,,196,,,,,
Serpentine_Ospin TV2.5 12-oc-29 1,,93,,,,,
Serpentine_Burmakina,,94,,,,,
"Serpentinite_Sayan,Medvedev 2020 Radomskaya",,96,,,,,
Serpentiniter_Sasim,,228,,,,,
Sidereite_Dem-2 Kholokhol,,351,,,,,
Siderite_,5.AB.05,188,Fe(CO3),Fe C O,[Mindat](http://www.mindat.org/search.php?name=Siderite),,
Siderite_kholokhol,5.AB.05,299,Fe(CO3),Fe C O,[Mindat](http://www.mindat.org/search.php?name=Siderite),,
Siderite_Dem,5.AB.05,350,Fe(CO3),Fe C O,[Mindat](http://www.mindat.org/search.php?name=Siderite),,
Silvialite-kaneva_region near 10,,235,,,,,
Silvialite_Kaneva region 12,9.FB.15,236,Ca4Al6Si6O24(SO4),Ca Al Si O S,[Mindat](http://www.mindat.org/search.php?name=Silvialite),,
Smithsonite_sample 3,5.AB.05,307,Zn(CO3),Zn C O,[Mindat](http://www.mindat.org/search.php?name=Smithsonite),,
Smithsonite_sample 2,5.AB.05,308,Zn(CO3),Zn C O,[Mindat](http://www.mindat.org/search.php?name=Smithsonite),,
Smithsonite_,5.AB.05,354,Zn(CO3),Zn C O,[Mindat](http://www.mindat.org/search.php?name=Smithsonite),,
Sobolevite_Panikorovskyi Apatity LV-23-1,9.BE.37,492,Na6(Na2Ca)(NaCaMn)Na2Ti2Na2(TiMn)(Si2O7)2(PO4)4O2(OF)F2,Na Ca Mn Ti Si O P F,[Mindat](http://www.mindat.org/search.php?name=Sobolevite),,
Sobolevite_Panikorovskyi Apatity grain2 LV-23-1,9.BE.37,493,Na6(Na2Ca)(NaCaMn)Na2Ti2Na2(TiMn)(Si2O7)2(PO4)4O2(OF)F2,Na Ca Mn Ti Si O P F,[Mindat](http://www.mindat.org/search.php?name=Sobolevite),,
Sobolevite_Panikorovskyi Apatity mpoint 3 LV-23-1,9.BE.37,494,Na6(Na2Ca)(NaCaMn)Na2Ti2Na2(TiMn)(Si2O7)2(PO4)4O2(OF)F2,Na Ca Mn Ti Si O P F,[Mindat](http://www.mindat.org/search.php?name=Sobolevite),,
Sobolevite_LV-23-1 point 4 LV-23-1,9.BE.37,495,Na6(Na2Ca)(NaCaMn)Na2Ti2Na2(TiMn)(Si2O7)2(PO4)4O2(OF)F2,Na Ca Mn Ti Si O P F,[Mindat](http://www.mindat.org/search.php?name=Sobolevite),,
Sodalite_blue S4 containing Sapozhnikov,9.FB.10,145,Na4(Si3Al3)O12Cl,Na Si Al O Cl,[Mindat](http://www.mindat.org/search.php?name=Sodalite),,
Hackmanite_Hibiny,,286,,,,,
Hackamanite_Khibyni polished purple,,457,,,,,
Hackmanite_Inagli polished discolored,,458,,,,,
Hackmanite_Inagli transparent part polished plate,,459,,,,,
Sulfide_sodalite Ladzhvarda,,8,,,,,
Hackmanite_Hibiny,,9,,,,,
Sodium_thiosulfate hyposulfite,,359,,,,,
Sogdianite_Dara-i-Pioz,9.CM.05,216,KZr2Li3Si12O30,K Zr Li Si O,[Mindat](http://www.mindat.org/search.php?name=Sogdianite),,
Sogdianite_Dara-i-Pioz grain 3,9.CM.05,217,KZr2Li3Si12O30,K Zr Li Si O,[Mindat](http://www.mindat.org/search.php?name=Sogdianite),,
Sogdianite_,9.CM.05,219,KZr2Li3Si12O30,K Zr Li Si O,[Mindat](http://www.mindat.org/search.php?name=Sogdianite),,
Sogdianite_single crystal,9.CM.05,398,KZr2Li3Si12O30,K Zr Li Si O,[Mindat](http://www.mindat.org/search.php?name=Sogdianite),,
Spessartine_Garnet Mitichkin 2023 nord,9.AD.25,422,Mn2+3Al2(SiO4)3,Mn Al Si O,[Mindat](http://www.mindat.org/search.php?name=Spessartine),,
Spinel_Sasim,4.BB.05,136,MgAl2O4,Mg Al O,[Mindat](http://www.mindat.org/search.php?name=Spinel),,
Spinel_light purple Tageran Priolkhon,4.BB.05,155,MgAl2O4,Mg Al O,[Mindat](http://www.mindat.org/search.php?name=Spinel),,
Cr-spinel_chromnpickotite,,296,,,,,
Spinel_Murun D1 BKS,4.BB.05,410,MgAl2O4,Mg Al O,[Mindat](http://www.mindat.org/search.php?name=Spinel),,
Spinel_in association with diopside,4.BB.05,87,MgAl2O4,Mg Al O,[Mindat](http://www.mindat.org/search.php?name=Spinel),,
Spodumene_,9.DA.30,295,LiAlSi2O6,Li Al Si O,[Mindat](http://www.mindat.org/search.php?name=Spodumene),,
Spodumene_Dem,9.DA.30,348,LiAlSi2O6,Li Al Si O,[Mindat](http://www.mindat.org/search.php?name=Spodumene),,
Spodumene_Dem-2,9.DA.30,349,LiAlSi2O6,Li Al Si O,[Mindat](http://www.mindat.org/search.php?name=Spodumene),,
Spodumene_Tyva Oschepkova Radomskaya,9.DA.30,95,LiAlSi2O6,Li Al Si O,[Mindat](http://www.mindat.org/search.php?name=Spodumene),,
Spurrite_Mexico,9.AH.15,49,Ca5(SiO4)2(CO3),Ca Si O C,[Mindat](http://www.mindat.org/search.php?name=Spurrite),,
Staurolite_a,9.AF.30,317,Fe2+2Al9Si4O23(OH),Fe Al Si O H,[Mindat](http://www.mindat.org/search.php?name=Staurolite),,
Steacyite_Murun,9.CH.10,144,"K0.3(Na,Ca)2ThSi8O20",K Na Ca Th Si O,[Mindat](http://www.mindat.org/search.php?name=Steacyite),,
Steacyite_Murun 104-3 BKS ,9.CH.10,408,"K0.3(Na,Ca)2ThSi8O20",K Na Ca Th Si O,[Mindat](http://www.mindat.org/search.php?name=Steacyite),,
Stellerite_Kaneva,9.GE.15,225,Ca4(Si28Al8)O72 28H2O,Ca Si Al O H,[Mindat](http://www.mindat.org/search.php?name=Stellerite),,
Stellerite_,9.GE.15,59,Ca4(Si28Al8)O72 28H2O,Ca Si Al O H,[Mindat](http://www.mindat.org/search.php?name=Stellerite),,
Stichtite_Sasim,5.DA.50,468,Mg6Cr2(CO3)(OH)16 4H2O,Mg Cr C O H,[Mindat](http://www.mindat.org/search.php?name=Stichtite),,
Stillwellite-(Ce)_Kaneva,9.AJ.25,393,CeBSiO5,Ce B Si O,[Mindat](http://www.mindat.org/search.php?name=Stillwellite-(Ce)),,
Stillwellite-(Ce)_grain 2 Kaneva,9.AJ.25,394,CeBSiO5,Ce B Si O,[Mindat](http://www.mindat.org/search.php?name=Stillwellite-(Ce)),,
Stillwellite-(Ce)_grain3 ,9.AJ.25,395,CeBSiO5,Ce B Si O,[Mindat](http://www.mindat.org/search.php?name=Stillwellite-(Ce)),,
Stillwellite-(Ce)_plate,9.AJ.25,414,CeBSiO5,Ce B Si O,[Mindat](http://www.mindat.org/search.php?name=Stillwellite-(Ce)),,
Talc_Kirgey Medvedev Radomskaya,9.EC.05,92,Mg3Si4O10(OH)2,Mg Si O H,[Mindat](http://www.mindat.org/search.php?name=Talc),,
Talc_jewelery BKS,9.EC.05,97,Mg3Si4O10(OH)2,Mg Si O H,[Mindat](http://www.mindat.org/search.php?name=Talc),,
Terskite_Panikorovsky,9.DM.40,423,Na4ZrSi6O16 2H2O,Na Zr Si O H,[Mindat](http://www.mindat.org/search.php?name=Terskite),,
Tetraferriphlogopite_,9.EC.20,28,KMg3(Si3Fe3+)O10(OH)2,K Mg Si Fe O H,[Mindat](http://www.mindat.org/search.php?name=Tetraferriphlogopite),,
Thorite_,9.AD.30,322,Th(SiO4),Th Si O,[Mindat](http://www.mindat.org/search.php?name=Thorite),,
Tilleyite_California,9.BE.82,152,Ca5Si2O7(CO3)2,Ca Si O C,[Mindat](http://www.mindat.org/search.php?name=Tilleyite),,
Tilleyite_in association with calcite from epoxy Kaneva,9.BE.82,221,Ca5Si2O7(CO3)2,Ca Si O C,[Mindat](http://www.mindat.org/search.php?name=Tilleyite),,
Tilleyite_in association with calcite grain 2,9.BE.82,222,Ca5Si2O7(CO3)2,Ca Si O C,[Mindat](http://www.mindat.org/search.php?name=Tilleyite),,
Tinaksite_Ch21-2 Mitichkin,9.DG.75,206,K2NaCa2TiSi7O18(OH)O,K Na Ca Ti Si O H,[Mindat](http://www.mindat.org/search.php?name=Tinaksite),,
Tinaksite_Murun,9.DG.75,25,K2NaCa2TiSi7O18(OH)O,K Na Ca Ti Si O H,[Mindat](http://www.mindat.org/search.php?name=Tinaksite),,
Tinaksite_Murun Ch-3 BKS,9.DG.75,404,K2NaCa2TiSi7O18(OH)O,K Na Ca Ti Si O H,[Mindat](http://www.mindat.org/search.php?name=Tinaksite),,
Tinaksite_BKS Radomskaya ,9.DG.75,432,K2NaCa2TiSi7O18(OH)O,K Na Ca Ti Si O H,[Mindat](http://www.mindat.org/search.php?name=Tinaksite),,
Tinaksite_Murun association with aegirine charoite fedorite thin polished Radomskaya,9.DG.75,90,K2NaCa2TiSi7O18(OH)O,K Na Ca Ti Si O H,[Mindat](http://www.mindat.org/search.php?name=Tinaksite),,
Titainite_Khibiny Radomskay,,443,,,,,
Titanite_Radomskay,9.AG.15,444,CaTi(SiO4)O,Ca Ti Si O,[Mindat](http://www.mindat.org/search.php?name=Titanite),,
Titanite_Khibiny Radomskay,9.AG.15,506,CaTi(SiO4)O,Ca Ti Si O,[Mindat](http://www.mindat.org/search.php?name=Titanite),,
Tokkoite_Murun,9.DG.75,24,K2Ca4Si7O18(OH)F,K Ca Si O H F,[Mindat](http://www.mindat.org/search.php?name=Tokkoite),,
Tokkoite_mMitichkin Radmoskaya shlif,9.DG.75,401,K2Ca4Si7O18(OH)F,K Ca Si O H F,[Mindat](http://www.mindat.org/search.php?name=Tokkoite),,
Tokkoite_Mitichkin Radomskaya shlif angle,9.DG.75,402,K2Ca4Si7O18(OH)F,K Ca Si O H F,[Mindat](http://www.mindat.org/search.php?name=Tokkoite),,
Tokkoite_Mitichkin Radomskaya angle,9.DG.75,403,K2Ca4Si7O18(OH)F,K Ca Si O H F,[Mindat](http://www.mindat.org/search.php?name=Tokkoite),,
Topaz_blue,9.AF.35,128,Al2SiO4F2,Al Si O F,[Mindat](http://www.mindat.org/search.php?name=Topaz),,
Topaz_in assciation with morion Radomskaya,9.AF.35,129,Al2SiO4F2,Al Si O F,[Mindat](http://www.mindat.org/search.php?name=Topaz),,
Topaz_Sherpova mointain,9.AF.35,135,Al2SiO4F2,Al Si O F,[Mindat](http://www.mindat.org/search.php?name=Topaz),,
Topaz_in association with morion Radomskaya 2019,9.AF.35,375,Al2SiO4F2,Al Si O F,[Mindat](http://www.mindat.org/search.php?name=Topaz),,
Topaz_in association with morion,9.AF.35,376,Al2SiO4F2,Al Si O F,[Mindat](http://www.mindat.org/search.php?name=Topaz),,
Topaz_Radomskaya in ass with morion,9.AF.35,383,Al2SiO4F2,Al Si O F,[Mindat](http://www.mindat.org/search.php?name=Topaz),,
Topaz_Radomskaya in association with morion,9.AF.35,505,Al2SiO4F2,Al Si O F,[Mindat](http://www.mindat.org/search.php?name=Topaz),,
Torquouse_B-1 KAzahstan,,417,,,,,
Tourmaline_Dravite Mitichkin,,478,,,,,
Tourquese_B2 Kazahstan,,418,,,,,
Townendite_Panikorovskyi Apatity LV-23-1,9.CJ.15a,489,Na8ZrSi6O18,Na Zr Si O,[Mindat](http://www.mindat.org/search.php?name=Townendite),,
Townendite_Panikorovskyi Apatity second point LV-23-1,9.CJ.15a,490,Na8ZrSi6O18,Na Zr Si O,[Mindat](http://www.mindat.org/search.php?name=Townendite),,
Townendite_Panikorovskyi Apatity 3 point LV-23-1,9.CJ.15a,491,Na8ZrSi6O18,Na Zr Si O,[Mindat](http://www.mindat.org/search.php?name=Townendite),,
Tremolite_in association with calcite radomskaya,9.DE.10,142,  box Ca2(Mg5.0-4.5Fe2+0.0-0.5)Si8O22(OH)2,Ca Mg Fe Si O H,[Mindat](http://www.mindat.org/search.php?name=Tremolite),,
White_nephrite Kitoy,,34,,,,,
Tremolite_Slyudyanka Radomskaya,9.DE.10,433,  box Ca2(Mg5.0-4.5Fe2+0.0-0.5)Si8O22(OH)2,Ca Mg Fe Si O H,[Mindat](http://www.mindat.org/search.php?name=Tremolite),,
Tremolite_Mitichkin,9.DE.10,445,  box Ca2(Mg5.0-4.5Fe2+0.0-0.5)Si8O22(OH)2,Ca Mg Fe Si O H,[Mindat](http://www.mindat.org/search.php?name=Tremolite),,
Tremolite_in association with carbonate Onot Kamchadal Mitichkin,9.DE.10,446,  box Ca2(Mg5.0-4.5Fe2+0.0-0.5)Si8O22(OH)2,Ca Mg Fe Si O H,[Mindat](http://www.mindat.org/search.php?name=Tremolite),,
White_Celestine Vorontsov,,67,,,,,
Tridymite_Tolbachik,4.DA.10,284,SiO2,Si O,[Mindat](http://www.mindat.org/search.php?name=Tridymite),,
Tridymite_Tolbachik,4.DA.10,504,SiO2,Si O,[Mindat](http://www.mindat.org/search.php?name=Tridymite),,
Tsaregorodtsevite_,9.FB.10,476,N(CH3)4Si4(SiAl)O12,N C H Si Al O,[Mindat](http://www.mindat.org/search.php?name=Tsaregorodtsevite),,
Tsaregorodtsevite_,9.FB.10,477,N(CH3)4Si4(SiAl)O12,N C H Si Al O,[Mindat](http://www.mindat.org/search.php?name=Tsaregorodtsevite),,
Tugtupite_Greenland Chukanov,9.FB.10,250,Na4BeAlSi4O12Cl,Na Be Al Si O Cl,[Mindat](http://www.mindat.org/search.php?name=Tugtupite),,
Tugtupite_Greenland Chukanov,9.FB.10,251,Na4BeAlSi4O12Cl,Na Be Al Si O Cl,[Mindat](http://www.mindat.org/search.php?name=Tugtupite),,
Turkestanite_Dara-i-Pioz grain 2,9.CH.10,209,"(K,  box )(Ca,Na)2ThSi8O20 nH2O",K Ca Na Th Si O H,[Mindat](http://www.mindat.org/search.php?name=Turkestanite),,
Turkestanite_ in association with Baratovite and feldspar Dara-i-Pioz grain 1,9.CH.10,210,"(K,  box )(Ca,Na)2ThSi8O20 nH2O",K Ca Na Th Si O H,[Mindat](http://www.mindat.org/search.php?name=Turkestanite),,
Turkestanite_Dara-i-pioz grain 3,9.CH.10,213,"(K,  box )(Ca,Na)2ThSi8O20 nH2O",K Ca Na Th Si O H,[Mindat](http://www.mindat.org/search.php?name=Turkestanite),,
Turquoise_Radomskaya,8.DD.15,134,CuAl6(PO4)4(OH)8 4H2O,Cu Al P O H,[Mindat](http://www.mindat.org/search.php?name=Turquoise),,
Uraninite_,4.DL.05,122,UO2,U O,[Mindat](http://www.mindat.org/search.php?name=Uraninite),,
Uvarovite_ISTU,9.AD.25,123,Ca3Cr2(SiO4)3,Ca Cr Si O,[Mindat](http://www.mindat.org/search.php?name=Uvarovite),,
Uvarovite_,9.AD.25,323,Ca3Cr2(SiO4)3,Ca Cr Si O,[Mindat](http://www.mindat.org/search.php?name=Uvarovite),,
Vanadinite_,8.BN.05,68,Pb5(VO4)3Cl,Pb V O Cl,[Mindat](http://www.mindat.org/search.php?name=Vanadinite),,
Vermiculite_,9.EC.50,33,"Mg0.7(Mg,Fe,Al)6(Si,Al)8O20(OH)4 8H2O",Mg Fe Al Si O H,[Mindat](http://www.mindat.org/search.php?name=Vermiculite),,
Vesuvianite_Monzoni,9.BG.35,10,"(Ca,Na)19(Al,Mg,Fe)13(SiO4)10(Si2O7)4(OH,F,O)10",Ca Na Al Mg Fe Si O H F,[Mindat](http://www.mindat.org/search.php?name=Vesuvianite),,
Vesuvianite_Sasim,9.BG.35,465,"(Ca,Na)19(Al,Mg,Fe)13(SiO4)10(Si2O7)4(OH,F,O)10",Ca Na Al Mg Fe Si O H F,[Mindat](http://www.mindat.org/search.php?name=Vesuvianite),,
Vvianite_Kerchit,,303,,,,,
Vivianite_INRTU,8.CE.40,73,Fe2+3(PO4)2 8H2O,Fe P O H,[Mindat](http://www.mindat.org/search.php?name=Vivianite),,
Wadsleyite_2388 pnt15,9.BE.02,333,Mg2SiO4,Mg Si O,[Mindat](http://www.mindat.org/search.php?name=Wadsleyite),,
Wavellite_9 1003 MinMus,8.DC.50,266,Al3(PO4)2(OH)3 5H2O,Al P O H,[Mindat](http://www.mindat.org/search.php?name=Wavellite),,
Wolframite_Sherl minmus 9 494,,265,,,,,
Wollastonite_,9.DG.05,327,CaSiO3,Ca Si O,[Mindat](http://www.mindat.org/search.php?name=Wollastonite),,
Wulfenite_single crystal plate minmus,7.GA.05,267,PbMoO4,Pb Mo O,[Mindat](http://www.mindat.org/search.php?name=Wulfenite),,
X-Amphibole_DZhD Vlasyuk,,252,,,,,
"Zeolite_INRTU,transparent 2021",,345,,,,,
Zeolite_prob. stellerite Mitichkin,,479,,,,,
Zircon_Kola Meedvedev 2019,9.AD.30,120,Zr(SiO4),Zr Si O,[Mindat](http://www.mindat.org/search.php?name=Zircon),,
Zircon_22.07.2020-9,9.AD.30,121,Zr(SiO4),Zr Si O,[Mindat](http://www.mindat.org/search.php?name=Zircon),,
Zircon_Sasim U contain,9.AD.30,462,Zr(SiO4),Zr Si O,[Mindat](http://www.mindat.org/search.php?name=Zircon),,
Zircon_Sasim,9.AD.30,463,Zr(SiO4),Zr Si O,[Mindat](http://www.mindat.org/search.php?name=Zircon),,
